<?xml version="1.0" encoding="UTF-8"?>
<project-private xmlns="http://www.netbeans.org/ns/project-private/1">
    <editor-bookmarks xmlns="http://www.netbeans.org/ns/editor-bookmarks/2" lastBookmarkId="0"/>
    <open-files xmlns="http://www.netbeans.org/ns/projectui-open-files/2">
        <group>
            <file>file:/Users/jiayingwang/Desktop/database/4400Project/4400code/src/pending00/PoiReportnew.java</file>
            <file>file:/Users/jiayingwang/Desktop/database/4400Project/4400code/src/pending00/Login.java</file>
            <file>file:/Users/jiayingwang/Desktop/database/4400Project/4400code/src/pending00/AddNewLocation.java</file>
            <file>file:/Users/jiayingwang/Desktop/database/4400Project/4400code/src/pending00/PendingFunction.java</file>
            <file>file:/Users/jiayingwang/Desktop/database/4400Project/4400code/src/pending00/PendingDataPoint.java</file>
            <file>file:/Users/jiayingwang/Desktop/database/4400Project/4400code/src/pending00/AddNewDataPoint.java</file>
            <file>file:/Users/jiayingwang/Desktop/database/4400Project/4400code/src/pending00/NoPoiResult.java</file>
            <file>file:/Users/jiayingwang/Desktop/database/4400Project/4400code/src/pending00/DataTypenew.java</file>
            <file>file:/Users/jiayingwang/Desktop/database/4400Project/4400code/src/pending00/Register.java</file>
            <file>file:/Users/jiayingwang/Desktop/database/4400Project/4400code/src/pending00/ChooseFunctionallynew.java</file>
            <file>file:/Users/jiayingwang/Desktop/database/4400Project/4400code/src/pending00/ViewPoinew.java</file>
            <file>file:/Users/jiayingwang/Desktop/database/4400Project/4400code/src/pending00/PendingAccounts.java</file>
            <file>file:/Users/jiayingwang/Desktop/database/4400Project/4400code/src/pending00/Login2.java</file>
        </group>
    </open-files>
</project-private>
